{
  "project_info": {
    "project_number": "1081039207902",
    "project_id": "crud-demo-4f59a",
    "storage_bucket": "crud-demo-4f59a.appspot.com"
  },
  "client": [
    {
      "client_info": {
        "mobilesdk_app_id": "1:1081039207902:android:5c8c18a1cc4e33c924b14f",
        "android_client_info": {
          "package_name": "com.example.firebase_demo"
        }
      },
      "oauth_client": [],
      "api_key": [
        {
          "current_key": "AIzaSyAOTtbPyt8fMJqoAF2EfJjrNFtY4nhsFoU"
        }
      ],
      "services": {
        "appinvite_service": {
          "other_platform_oauth_client": []
        }
      }
    }
  ],
  "configuration_version": "1"
}